ID	Time
150036840	12:01AM
150043760	12:01AM
150081237	12:01AM
150090476	12:01AM
150094393	12:01AM
150139121	12:01AM
150148906	12:01AM
150225601	12:01AM
150294167	12:01AM
150337557	12:01AM
150353848	12:01AM
150358202	12:01AM
150364522	12:01AM
150373175	12:01AM
150380631	12:01AM
150390668	12:01AM
150392294	12:01AM
150418282	12:01AM
150434620	12:01AM
150441277	12:01AM
150455870	12:01AM
150481994	12:01AM
150489772	12:01AM
150496272	12:01AM
150520019	12:01AM
150523358	12:01AM
150526249	12:01AM
150530836	12:01AM
150543641	12:01AM
150547392	12:01AM
150584714	12:01AM
150589792	12:01AM
150590410	12:01AM
150720918	12:01AM
150763407	12:01AM
150776892	12:01AM
150797616	12:01AM
150828415	12:01AM
150835573	12:01AM
150836587	12:01AM
150876840	12:01AM
150888481	12:01AM
150911098	12:01AM
150967546	12:01AM
151109109	12:01AM
151121783	12:01AM
159005854	12:01AM
150302867	12:02AM
150736197	12:02AM
150808837	12:02AM
150002675	12:05AM
150281437	12:05AM
150555163	12:05AM
150581049	12:05AM
150629445	12:05AM
150713797	12:05AM
150996589	12:05AM
151077998	12:05AM
151098267	12:05AM
150258652	12:08AM
150043384	12:10AM
150136729	12:10AM
150152355	12:10AM
150265704	12:10AM
150340403	12:10AM
150361948	12:10AM
150392357	12:10AM
150502261	12:10AM
150581011	12:10AM
150667376	12:10AM
150694664	12:10AM
150759309	12:10AM
150765641	12:10AM
150539355	12:12AM
150811909	12:12AM
150127483	12:13AM
150524447	12:13AM
150025069	12:15AM
150043334	12:15AM
150079248	12:15AM
150084059	12:15AM
150183554	12:15AM
150201708	12:15AM
150262023	12:15AM
150308865	12:15AM
150364566	12:15AM
150367770	12:15AM
150457672	12:15AM
150493228	12:15AM
150511955	12:15AM
150558355	12:15AM
150583465	12:15AM
150586168	12:15AM
150648887	12:15AM
150676270	12:15AM
150762506	12:15AM
150824300	12:15AM
151110407	12:15AM
150367792	12:16AM
150065758	12:17AM
150915909	12:17AM
150608609	12:18AM
150999862	12:18AM
150072173	12:20AM
150642306	12:20AM
150759296	12:20AM
150778478	12:20AM
150865467	12:20AM
150934523	12:20AM
151055198	12:20AM
150910147	12:22AM
150448126	12:23AM
150306079	12:25AM
150364594	12:25AM
150617478	12:25AM
150690167	12:25AM
150988097	12:25AM
151012825	12:25AM
151012875	12:25AM
151052724	12:25AM
151080838	12:25AM
150947297	12:27AM
151106707	12:27AM
150629495	12:28AM
151075497	12:28AM
150053242	12:30AM
150075111	12:30AM
150190026	12:30AM
150204718	12:30AM
150229932	12:30AM
150229998	12:30AM
150230901	12:30AM
150256543	12:30AM
150262067	12:30AM
150283502	12:30AM
150327514	12:30AM
150337381	12:30AM
150350593	12:30AM
150390185	12:30AM
150396622	12:30AM
150476757	12:30AM
150480059	12:30AM
150515214	12:30AM
150515220	12:30AM
150571937	12:30AM
150592911	12:30AM
150605815	12:30AM
150638082	12:30AM
150645877	12:30AM
150658927	12:30AM
150688946	12:30AM
150739157	12:30AM
150886899	12:30AM
150890492	12:30AM
150896274	12:30AM
150905944	12:30AM
150968340	12:30AM
150973838	12:30AM
151053675	12:30AM
160010793	12:30AM
150752717	12:32AM
150934539	12:32AM
150155387	12:33AM
150055953	12:34AM
150246221	12:35AM
150314903	12:35AM
150324300	12:35AM
150489744	12:35AM
150821312	12:35AM
150979228	12:35AM
150448160	12:37AM
151060711	12:37AM
150062481	12:40AM
150130765	12:40AM
150252319	12:40AM
150255379	12:40AM
150333301	12:40AM
150583562	12:40AM
150865508	12:40AM
150892357	12:40AM
150895022	12:40AM
150898305	12:40AM
150742702	12:41AM
150418204	12:42AM
150046758	12:45AM
150051296	12:45AM
150072242	12:45AM
150090608	12:45AM
150201736	12:45AM
150305952	12:45AM
150349671	12:45AM
150448273	12:45AM
150575133	12:45AM
150578240	12:45AM
150759387	12:45AM
150815246	12:45AM
151029557	12:45AM
151113360	12:48AM
150973866	12:49AM
150090636	12:50AM
150467223	12:50AM
150496363	12:50AM
150558418	12:50AM
150752767	12:50AM
150805758	12:50AM
150915959	12:50AM
150950228	12:51AM
150876715	12:52AM
150931541	12:53AM
150030955	12:55AM
150210420	12:55AM
150694727	12:55AM
150726483	12:55AM
150824441	12:55AM
150752808	12:59AM
150010311	1:00AM
150021700	1:00AM
150033432	1:00AM
150036884	1:00AM
150094600	1:00AM
150096634	1:00AM
150102673	1:00AM
150122637	1:00AM
150140899	1:00AM
150144318	1:00AM
150179092	1:00AM
150247116	1:00AM
150252682	1:00AM
150262114	1:00AM
150304722	1:00AM
150363847	1:00AM
150404720	1:00AM
150408976	1:00AM
150412905	1:00AM
150414901	1:00AM
150482691	1:00AM
150539496	1:00AM
150568019	1:00AM
150569277	1:00AM
150571880	1:00AM
150590404	1:00AM
150639187	1:00AM
150705750	1:00AM
150721085	1:00AM
150769386	1:00AM
150770377	1:00AM
150774153	1:00AM
150818325	1:00AM
150828857	1:00AM
150848968	1:00AM
150934573	1:00AM
150937000	1:00AM
150938713	1:00AM
150943524	1:00AM
150953357	1:00AM
150954311	1:00AM
150955228	1:00AM
151015954	1:00AM
151048751	1:00AM
151051942	1:00AM
151070099	1:00AM
151078827	1:00AM
151109143	1:00AM
151121573	1:00AM
169000117	1:00AM
150742718	1:03AM
150848952	1:03AM
150102667	1:04AM
150072311	1:05AM
150312032	1:05AM
150840500	1:06AM
150953153	1:06AM
150106186	1:09AM
150030858	1:10AM
150050088	1:10AM
150069051	1:10AM
150099531	1:10AM
150272505	1:10AM
150318290	1:10AM
150561740	1:10AM
150575230	1:10AM
150682675	1:10AM
150796602	1:10AM
150950284	1:10AM
151083832	1:10AM
150021675	1:12AM
150315177	1:12AM
150444594	1:12AM
150711111	1:14AM
150043481	1:15AM
150080825	1:15AM
150136428	1:15AM
150225667	1:15AM
150315183	1:15AM
150364685	1:15AM
150482817	1:15AM
150496476	1:15AM
150752795	1:15AM
150821403	1:15AM
150840663	1:15AM
150852260	1:15AM
150868223	1:15AM
150947350	1:15AM
150953197	1:15AM
150955632	1:15AM
160012432	1:15AM
150069045	1:18AM
150272511	1:18AM
150371107	1:18AM
150561831	1:18AM
150689085	1:20AM
150705324	1:20AM
150947407	1:20AM
150315199	1:21AM
151090229	1:21AM
151109187	1:21AM
150716371	1:22AM
150843526	1:23AM
151080866	1:24AM
150133656	1:25AM
150746118	1:25AM
150759428	1:25AM
151075550	1:25AM
150127637	1:26AM
150324316	1:27AM
150036947	1:28AM
150470674	1:28AM
150018553	1:30AM
150032296	1:30AM
150058941	1:30AM
150069095	1:30AM
150087536	1:30AM
150119747	1:30AM
150127712	1:30AM
150220253	1:30AM
150226916	1:30AM
150236551	1:30AM
150242984	1:30AM
150243039	1:30AM
150292763	1:30AM
150302920	1:30AM
150327586	1:30AM
150386770	1:30AM
150393349	1:30AM
150403998	1:30AM
150418301	1:30AM
150571943	1:30AM
150596383	1:30AM
150667699	1:30AM
150693111	1:30AM
150713941	1:30AM
150717432	1:30AM
150733143	1:30AM
150787899	1:30AM
150932129	1:30AM
150950331	1:30AM
150995519	1:30AM
151029610	1:30AM
151035479	1:30AM
151045569	1:30AM
150009029	1:35AM
150025138	1:35AM
150065827	1:35AM
150269314	1:35AM
150457741	1:35AM
150505635	1:35AM
150708099	1:35AM
150775258	1:35AM
151012944	1:35AM
150991357	1:36AM
150812010	1:38AM
150000691	1:39AM
150000293	1:40AM
150198503	1:40AM
150302970	1:40AM
150353177	1:40AM
150533915	1:40AM
150605887	1:40AM
150608671	1:40AM
150626974	1:40AM
150821431	1:40AM
150876771	1:40AM
150898355	1:40AM
150959264	1:40AM
150965744	1:40AM
150272533	1:41AM
150805792	1:43AM
150084162	1:44AM
150075202	1:45AM
150185801	1:45AM
150383500	1:45AM
150384279	1:45AM
150451743	1:45AM
150489829	1:45AM
150536737	1:45AM
150583653	1:45AM
150621021	1:45AM
150772414	1:45AM
150812054	1:45AM
150843617	1:45AM
150892307	1:45AM
150928811	1:45AM
150941186	1:45AM
150959258	1:45AM
151124953	1:45AM
150676383	1:48AM
150892084	1:48AM
150162984	1:50AM
150214121	1:50AM
150448966	1:50AM
150676355	1:50AM
150772072	1:50AM
150793539	1:50AM
150804891	1:50AM
150880067	1:50AM
150901481	1:50AM
151075613	1:50AM
150075218	1:51AM
150021750	1:53AM
150133662	1:55AM
150191864	1:55AM
150330642	1:55AM
150649023	1:55AM
150759462	1:55AM
150934658	1:55AM
150852298	1:59AM
150001473	2:00AM
150022877	2:00AM
150043572	2:00AM
150043613	2:00AM
150077797	2:00AM
150093953	2:00AM
150099359	2:00AM
150117923	2:00AM
150135248	2:00AM
150139331	2:00AM
150142334	2:00AM
150172109	2:00AM
150184079	2:00AM
150202079	2:00AM
150204928	2:00AM
150217169	2:00AM
150237333	2:00AM
150252494	2:00AM
150275781	2:00AM
150277141	2:00AM
150278779	2:00AM
150308564	2:00AM
150323487	2:00AM
150328170	2:00AM
150367902	2:00AM
150403443	2:00AM
150421473	2:00AM
150429819	2:00AM
150521108	2:00AM
150527695	2:00AM
150544536	2:00AM
150587746	2:00AM
150624025	2:00AM
150640974	2:00AM
150690076	2:00AM
150695060	2:00AM
150704871	2:00AM
150746168	2:00AM
150777624	2:00AM
150778650	2:00AM
150785285	2:00AM
150812048	2:00AM
150834161	2:00AM
150844596	2:00AM
150965374	2:00AM
150970204	2:00AM
150979347	2:00AM
150991915	2:00AM
151013964	2:00AM
151067240	2:00AM
151074972	2:00AM
151102357	2:00AM
150062516	2:01AM
150353230	2:01AM
150895113	2:03AM
150353202	2:05AM
150627013	2:05AM
150632896	2:05AM
150815343	2:05AM
150843645	2:05AM
150982431	2:05AM
150000356	2:08AM
150075252	2:10AM
150171963	2:10AM
150527645	2:10AM
150649067	2:10AM
150704906	2:10AM
150727550	2:10AM
150772088	2:10AM
150806336	2:10AM
150869481	2:10AM
150065833	2:12AM
150075246	2:12AM
150658400	2:12AM
150265823	2:13AM
150645899	2:13AM
150910341	2:13AM
150632909	2:14AM
150815337	2:14AM
150168578	2:15AM
150244758	2:15AM
150578165	2:15AM
150657189	2:15AM
150658422	2:15AM
150692129	2:15AM
150704859	2:15AM
150714030	2:15AM
150733206	2:15AM
150752892	2:15AM
150815321	2:15AM
150851472	2:15AM
150890806	2:15AM
150925538	2:15AM
150941067	2:15AM
151053421	2:15AM
151067278	2:15AM
151103797	2:15AM
150159157	2:17AM
150095761	2:18AM
150451759	2:18AM
150162138	2:20AM
150272715	2:20AM
150708215	2:20AM
150711218	2:20AM
150731175	2:20AM
150824532	2:20AM
151057815	2:20AM
150262142	2:22AM
150962580	2:22AM
150421649	2:23AM
150130812	2:24AM
150334161	2:24AM
150185572	2:25AM
150191905	2:25AM
150321130	2:25AM
150377901	2:25AM
150424916	2:25AM
150502318	2:25AM
150931717	2:25AM
150080869	2:27AM
150406265	2:28AM
150505726	2:28AM
150873852	2:28AM
150353280	2:29AM
150581196	2:29AM
150726552	2:29AM
150973979	2:29AM
150026261	2:30AM
150057175	2:30AM
150075296	2:30AM
150093981	2:30AM
150097319	2:30AM
150113216	2:30AM
150118664	2:30AM
150147425	2:30AM
150179070	2:30AM
150240267	2:30AM
150323089	2:30AM
150359363	2:30AM
150386275	2:30AM
150454719	2:30AM
150474080	2:30AM
150505732	2:30AM
150545625	2:30AM
150558747	2:30AM
150733228	2:30AM
150741306	2:30AM
150765271	2:30AM
150876878	2:30AM
150876884	2:30AM
150940564	2:30AM
150956834	2:30AM
151060802	2:30AM
150285097	2:32AM
150294537	2:32AM
150868308	2:32AM
150340776	2:33AM
150330664	2:34AM
150223677	2:35AM
150272624	2:35AM
150451812	2:35AM
150649142	2:35AM
150759553	2:35AM
150824554	2:35AM
151072960	2:35AM
150075274	2:36AM
150545562	2:36AM
150652054	2:37AM
151057843	2:37AM
150065861	2:38AM
150596349	2:38AM
150011660	2:40AM
150046855	2:40AM
150118705	2:40AM
150243089	2:40AM
150374634	2:40AM
150575268	2:40AM
150596361	2:40AM
150824601	2:40AM
150834177	2:40AM
150858898	2:40AM
150892200	2:40AM
150907796	2:40AM
150976309	2:40AM
150418323	2:44AM
150006194	2:45AM
150040114	2:45AM
150062544	2:45AM
150136547	2:45AM
150312139	2:45AM
150330686	2:45AM
150404350	2:45AM
150421699	2:45AM
150708265	2:45AM
150711296	2:45AM
151093201	2:45AM
151121802	2:45AM
150775355	2:47AM
150337654	2:48AM
150892181	2:48AM
151109278	2:49AM
150033589	2:50AM
150113244	2:50AM
150182506	2:50AM
150600514	2:50AM
150611834	2:50AM
150910410	2:50AM
150922647	2:50AM
151113514	2:53AM
150275894	2:55AM
150624235	2:55AM
151093217	2:55AM
150508708	2:56AM
150800281	2:57AM
150175448	2:58AM
150392567	2:58AM
151008238	2:58AM
150000629	3:00AM
150012975	3:00AM
150025213	3:00AM
150031050	3:00AM
150040136	3:00AM
150096769	3:00AM
150098771	3:00AM
150139400	3:00AM
150162207	3:00AM
150186075	3:00AM
150230309	3:00AM
150230393	3:00AM
150299850	3:00AM
150313381	3:00AM
150383635	3:00AM
150389194	3:00AM
150454781	3:00AM
150483235	3:00AM
150493557	3:00AM
150542336	3:00AM
150673022	3:00AM
150689427	3:00AM
150784221	3:00AM
150837369	3:00AM
150847261	3:00AM
150893076	3:00AM
150908136	3:00AM
150941114	3:00AM
150941487	3:00AM
151033859	3:00AM
151078156	3:00AM
151090508	3:00AM
151098427	3:00AM
151102454	3:00AM
151113508	3:00AM
151124583	3:00AM
160000681	3:00AM
150759575	3:02AM
150793658	3:03AM
150294565	3:05AM
150907837	3:05AM
150953498	3:05AM
151016106	3:06AM
151027539	3:06AM
150299838	3:08AM
150822837	3:08AM
151052912	3:08AM
150116066	3:09AM
150207740	3:10AM
150602811	3:10AM
150624138	3:10AM
150708221	3:10AM
150928883	3:10AM
150188770	3:11AM
150037058	3:12AM
150806110	3:14AM
151035316	3:14AM
150043629	3:15AM
150075406	3:15AM
150230359	3:15AM
150291050	3:15AM
150309089	3:15AM
150406475	3:15AM
150448461	3:15AM
150553509	3:15AM
150578256	3:15AM
150837325	3:15AM
150947479	3:15AM
150953523	3:15AM
151047098	3:15AM
151093198	3:15AM
150136650	3:16AM
150778763	3:18AM
150685845	3:20AM
150883312	3:20AM
151052871	3:20AM
151110930	3:20AM
151120575	3:20AM
151087191	3:21AM
150824598	3:22AM
150956179	3:25AM
150078773	3:30AM
150096844	3:30AM
150099581	3:30AM
150220388	3:30AM
150222033	3:30AM
150318438	3:30AM
150327699	3:30AM
150562146	3:30AM
150597535	3:30AM
150611878	3:30AM
150646104	3:30AM
150711309	3:30AM
150843764	3:30AM
151005331	3:30AM
151055483	3:30AM
151073009	3:30AM
151087210	3:30AM
150974030	3:31AM
150704956	3:34AM
150191927	3:35AM
150624172	3:35AM
150685873	3:35AM
151006561	3:35AM
151080985	3:35AM
150009198	3:40AM
150299872	3:40AM
150406362	3:40AM
150746196	3:40AM
150821607	3:40AM
150454800	3:41AM
150096894	3:43AM
150000726	3:45AM
150056177	3:45AM
150185873	3:45AM
150249877	3:45AM
150341025	3:45AM
150343623	3:45AM
150428413	3:45AM
150515399	3:45AM
150651078	3:45AM
151103606	3:45AM
150175501	3:47AM
150434852	3:47AM
150947491	3:47AM
150938218	3:49AM
150105122	3:50AM
150205114	3:50AM
150349922	3:50AM
150726615	3:50AM
150733290	3:50AM
150876969	3:50AM
150380976	3:54AM
150383663	3:55AM
150534004	3:55AM
150821635	3:58AM
150979444	3:58AM
150000748	4:00AM
150000817	4:00AM
150010480	4:00AM
150094569	4:00AM
150233347	4:00AM
150299399	4:00AM
150403487	4:00AM
150406378	4:00AM
150433387	4:00AM
150500061	4:00AM
150599638	4:00AM
150629661	4:00AM
150701344	4:00AM
150752999	4:00AM
150781716	4:00AM
150808990	4:00AM
150849994	4:00AM
150874173	4:00AM
150930913	4:00AM
151035560	4:00AM
151106898	4:00AM
150415056	4:05AM
150632965	4:05AM
150910482	4:09AM
150031113	4:10AM
150121281	4:10AM
150428297	4:10AM
150624194	4:10AM
150733325	4:10AM
150815406	4:10AM
150871367	4:10AM
150895179	4:10AM
150964445	4:10AM
150195220	4:11AM
150371185	4:13AM
150815412	4:13AM
150834581	4:15AM
150873965	4:15AM
151103872	4:15AM
150072684	4:20AM
150809001	4:20AM
150846310	4:20AM
150753022	4:24AM
151060692	4:24AM
150262283	4:25AM
150824714	4:25AM
150050420	4:26AM
150399961	4:26AM
150800338	4:26AM
150019084	4:30AM
150240035	4:30AM
150272834	4:30AM
150282952	4:30AM
150362394	4:30AM
150438230	4:30AM
150480344	4:30AM
150508764	4:30AM
150548851	4:30AM
150610375	4:30AM
150714955	4:30AM
150956470	4:30AM
150979450	4:30AM
150548867	4:35AM
150599644	4:36AM
150243164	4:39AM
150281675	4:39AM
150113307	4:40AM
150586378	4:40AM
150667752	4:40AM
150775418	4:40AM
150784312	4:40AM
150415084	4:45AM
150739301	4:45AM
150889586	4:45AM
150924364	4:45AM
150928946	4:45AM
150931911	4:45AM
150950610	4:45AM
151013306	4:45AM
150880170	4:47AM
150233369	4:50AM
150330799	4:50AM
150742912	4:50AM
150821685	4:50AM
150886532	4:50AM
150991482	4:50AM
150139585	4:55AM
150249946	4:55AM
151083989	4:59AM
150209542	5:00AM
150389257	5:00AM
150495315	5:00AM
150499248	5:00AM
150642732	5:00AM
150701441	5:00AM
150722936	5:00AM
150801336	5:00AM
150827489	5:00AM
151067353	5:00AM
150037092	5:05AM
150868518	5:05AM
150941249	5:05AM
150306132	5:10AM
150581403	5:10AM
150689370	5:10AM
150704990	5:10AM
150824764	5:10AM
150895210	5:13AM
150102883	5:15AM
150240041	5:15AM
150383710	5:15AM
150411894	5:15AM
150205211	5:20AM
150916139	5:20AM
151115861	5:20AM
151064149	5:24AM
150205192	5:25AM
150434915	5:25AM
150913038	5:25AM
150096979	5:30AM
150279517	5:30AM
150388635	5:30AM
150418420	5:30AM
150503720	5:30AM
150625205	5:30AM
150678135	5:30AM
150742934	5:30AM
150821726	5:30AM
150821732	5:30AM
150855690	5:30AM
150895248	5:30AM
150941283	5:30AM
151105470	5:30AM
150655412	5:32AM
150330830	5:33AM
151095940	5:35AM
150368126	5:37AM
150883425	5:37AM
150077963	5:40AM
150694959	5:40AM
150901607	5:40AM
151078178	5:40AM
151113605	5:40AM
150251082	5:41AM
151018760	5:43AM
150460998	5:44AM
150971553	5:44AM
150033824	5:45AM
150431563	5:45AM
150454894	5:45AM
150649318	5:45AM
150694943	5:45AM
150803489	5:45AM
150165148	5:48AM
150040233	5:50AM
150096985	5:50AM
150859090	5:50AM
150895492	5:50AM
150415238	5:55AM
150464235	5:55AM
150512260	5:55AM
150415119	5:57AM
150037105	5:58AM
150116715	6:00AM
150564829	6:00AM
150589833	6:00AM
150597400	6:00AM
150673828	6:00AM
150994254	6:00AM
151009913	6:00AM
151060937	6:00AM
150330868	6:01AM
150396070	6:02AM
150227271	6:06AM
150865871	6:12AM
151060915	6:14AM
150028524	6:15AM
150106437	6:15AM
150121338	6:15AM
150230478	6:15AM
150759791	6:15AM
150021879	6:18AM
150210743	6:20AM
150240110	6:20AM
150895254	6:20AM
151070271	6:20AM
150142594	6:25AM
150281772	6:25AM
150753129	6:25AM
150378056	6:30AM
150403578	6:30AM
150698252	6:30AM
150772533	6:30AM
150881134	6:30AM
150565491	6:31AM
150895298	6:32AM
150968657	6:35AM
150425168	6:37AM
150217313	6:38AM
150255595	6:38AM
150099707	6:40AM
150467615	6:40AM
150895282	6:40AM
151060965	6:40AM
150072816	6:45AM
150230484	6:45AM
150247746	6:45AM
150027178	6:50AM
150220504	6:50AM
150818557	6:50AM
150922700	6:50AM
150929057	6:50AM
150049291	6:52AM
150614963	6:52AM
150252961	7:00AM
150349994	7:00AM
150532092	7:00AM
150543259	7:00AM
150635185	7:00AM
150670545	7:00AM
150781835	7:00AM
150855781	7:00AM
150859169	7:00AM
150925629	7:00AM
151116295	7:00AM
150408603	7:03AM
150919525	7:04AM
150982550	7:04AM
150490133	7:05AM
150655531	7:07AM
150003219	7:08AM
150415197	7:10AM
150753737	7:10AM
150753157	7:13AM
151073087	7:14AM
150094177	7:15AM
150192044	7:15AM
150227362	7:15AM
150727538	7:15AM
150882201	7:15AM
150359523	7:19AM
150009295	7:20AM
150925726	7:20AM
151084078	7:20AM
150705108	7:24AM
151078300	7:25AM
151081212	7:25AM
150843924	7:26AM
150028461	7:27AM
150094230	7:30AM
150343043	7:30AM
150371812	7:30AM
150408982	7:30AM
150539866	7:30AM
150643360	7:30AM
150695850	7:30AM
150705095	7:30AM
150859329	7:30AM
151008307	7:30AM
150539872	7:33AM
150066007	7:35AM
150278713	7:35AM
151018049	7:35AM
150223837	7:37AM
150531351	7:38AM
150971622	7:38AM
150132426	7:40AM
150448712	7:40AM
150037218	7:45AM
150139739	7:45AM
150337911	7:45AM
150941415	7:45AM
151109450	7:48AM
150330959	7:49AM
150343805	7:50AM
150445003	7:53AM
150422045	7:54AM
151118984	7:57AM
150025699	8:00AM
150202825	8:00AM
150294979	8:00AM
150444986	8:00AM
150469912	8:00AM
150489136	8:00AM
150539941	8:00AM
150616163	8:00AM
150636519	8:00AM
150798830	8:00AM
150800491	8:00AM
150806198	8:00AM
150841887	8:00AM
150967411	8:00AM
151010318	8:00AM
151062422	8:00AM
151125183	8:00AM
151125365	8:00AM
150084491	8:05AM
150809164	8:05AM
151010261	8:05AM
150859288	8:06AM
159001852	8:06AM
150950767	8:07AM
150518434	8:08AM
151010001	8:08AM
150050696	8:10AM
150458125	8:10AM
150324601	8:12AM
150091220	8:15AM
150686279	8:15AM
150262540	8:17AM
150448803	8:20AM
150618216	8:20AM
150929217	8:21AM
150134319	8:25AM
150172381	8:25AM
150303360	8:25AM
150043942	8:30AM
150230666	8:30AM
150782388	8:30AM
150809227	8:30AM
150865815	8:30AM
151022539	8:30AM
150518600	8:35AM
150562522	8:35AM
150689524	8:35AM
150056519	8:39AM
150248750	8:40AM
150291367	8:40AM
150072935	8:42AM
150162423	8:44AM
150183184	8:45AM
150654577	8:45AM
150746544	8:45AM
150825057	8:45AM
150991783	8:45AM
150368405	8:50AM
150708704	8:50AM
150849659	8:50AM
150106926	8:53AM
140240954	8:55AM
150445150	8:55AM
150938622	8:57AM
151116041	8:58AM
150797230	8:59AM
150175799	9:00AM
150307146	9:00AM
150323738	9:00AM
150554585	9:00AM
150636490	9:00AM
150747962	9:00AM
150822150	9:00AM
150921144	9:00AM
150953937	9:00AM
151010891	9:00AM
150887289	9:03AM
150278848	9:04AM
150664952	9:05AM
150347108	9:07AM
150540051	9:09AM
150159583	9:10AM
150230848	9:10AM
150483940	9:10AM
151053142	9:10AM
150662075	9:11AM
150113658	9:12AM
150003394	9:15AM
150012226	9:15AM
150029168	9:15AM
150169059	9:15AM
150233717	9:15AM
150668045	9:15AM
150806530	9:15AM
150944958	9:15AM
150119264	9:16AM
150199006	9:17AM
151000494	9:17AM
150233676	9:20AM
150294894	9:20AM
150757046	9:20AM
150762982	9:20AM
151013431	9:20AM
150081378	9:22AM
150246851	9:23AM
150347158	9:23AM
150480805	9:27AM
150866114	9:27AM
150006627	9:30AM
150096208	9:30AM
150389837	9:30AM
150484437	9:30AM
150803768	9:30AM
150883782	9:30AM
150951016	9:30AM
150991874	9:30AM
150389815	9:33AM
150874361	9:33AM
150044122	9:35AM
150165580	9:35AM
150534452	9:35AM
150600081	9:35AM
150227497	9:37AM
150300247	9:38AM
150012339	9:39AM
150458266	9:40AM
150828829	9:40AM
150621598	9:43AM
150246782	9:45AM
150652628	9:45AM
150665085	9:45AM
150812587	9:45AM
150844110	9:45AM
151022222	9:45AM
151061402	9:45AM
151113837	9:45AM
150106954	9:50AM
150155989	9:50AM
150435418	9:50AM
150932458	9:50AM
150972028	9:50AM
150256076	9:55AM
150919860	9:55AM
150938729	9:56AM
150053872	9:58AM
150484653	9:59AM
150093072	10:00AM
150159806	10:00AM
150205590	10:00AM
150205619	10:00AM
150247263	10:00AM
150282667	10:00AM
150291555	10:00AM
150292456	10:00AM
150303677	10:00AM
150325245	10:00AM
150396531	10:00AM
150403879	10:00AM
150800764	10:00AM
150916797	10:00AM
150941926	10:00AM
151007268	10:00AM
151048905	10:00AM
151091039	10:00AM
150169247	10:01AM
150702245	10:01AM
150359733	10:03AM
150328192	10:05AM
150506194	10:05AM
150849762	10:05AM
150966297	10:05AM
150927625	10:06AM
150944873	10:08AM
150951044	10:08AM
150023035	10:10AM
150094456	10:10AM
150227641	10:10AM
150262904	10:10AM
150518672	10:10AM
151116370	10:10AM
150534480	10:13AM
150037456	10:15AM
150094553	10:15AM
150400790	10:15AM
150521772	10:15AM
150542966	10:15AM
150902097	10:15AM
150490644	10:18AM
150183300	10:20AM
150362673	10:20AM
150919973	10:20AM
151076069	10:20AM
150549348	10:21AM
151010249	10:21AM
150572496	10:22AM
150819141	10:22AM
150365332	10:25AM
150566148	10:25AM
150655939	10:25AM
151081905	10:25AM
150633612	10:28AM
150028825	10:30AM
150037581	10:30AM
150205681	10:30AM
150282526	10:30AM
150344314	10:30AM
150379195	10:30AM
150418583	10:30AM
150702370	10:30AM
150819351	10:30AM
151019401	10:30AM
150003623	10:32AM
150449077	10:34AM
150107184	10:35AM
150652731	10:35AM
151044549	10:35AM
150727340	10:38AM
150929483	10:38AM
150149835	10:39AM
150534628	10:39AM
150819191	10:39AM
150224352	10:40AM
150266508	10:40AM
150400546	10:40AM
150512975	10:40AM
150708823	10:40AM
150910874	10:42AM
150282269	10:43AM
150902263	10:43AM
151090871	10:44AM
15046293	10:45AM
150128798	10:45AM
150468293	10:45AM
150503112	10:45AM
150895884	10:45AM
151109660	10:45AM
150143025	10:47AM
150037989	10:50AM
150600194	10:50AM
150899347	10:50AM
150733933	10:53AM
150003720	10:55AM
150360768	10:55AM
150438898	10:55AM
150566552	10:55AM
150753947	10:55AM
150755608	10:55AM
150877600	10:55AM
150859783	10:58AM
150037688	11:00AM
150064346	11:00AM
150066853	11:00AM
150190474	11:00AM
150209257	11:00AM
150357113	11:00AM
150406845	11:00AM
150522021	11:00AM
150528596	11:00AM
150692834	11:00AM
150913997	11:00AM
150992054	11:00AM
151010863	11:00AM
151067955	11:00AM
160035202	11:00AM
150695537	11:01AM
150512931	11:02AM
150994618	11:02AM
150841304	11:04AM
150910852	11:05AM
150612600	11:06AM
150935496	11:07AM
151087737	11:07AM
150276488	11:08AM
150553060	11:10AM
150643304	11:10AM
150994599	11:10AM
150640043	11:13AM
150048384	11:15AM
150063360	11:15AM
150172911	11:15AM
150365047	11:15AM
150569647	11:15AM
150776648	11:15AM
150874719	11:15AM
150895981	11:15AM
151044828	11:15AM
151116411	11:15AM
150960186	11:19AM
150009756	11:20AM
150119311	11:20AM
150412654	11:20AM
150069863	11:21AM
150094650	11:23AM
150221289	11:28AM
151096471	11:28AM
150237559	11:29AM
150037735	11:30AM
150122477	11:30AM
150397379	11:30AM
150414428	11:30AM
150449221	11:30AM
150506423	11:30AM
150597121	11:30AM
150609500	11:30AM
150945172	11:30AM
150948289	11:30AM
150978571	11:30AM
151046846	11:30AM
151107636	11:30AM
151116659	11:30AM
150600207	11:33AM
150477761	11:34AM
150085546	11:35AM
150221433	11:35AM
150243841	11:35AM
150113937	11:36AM
150734765	11:36AM
150059933	11:37AM
150980247	11:37AM
150597165	11:38AM
151044743	11:38AM
150119333	11:40AM
150452478	11:40AM
150569675	11:40AM
150844455	11:40AM
151058772	11:44AM
150263714	11:45AM
150425817	11:45AM
150452832	11:45AM
150484534	11:45AM
150727306	11:45AM
150743904	11:45AM
150841467	11:45AM
150853224	11:45AM
150877785	11:45AM
150948790	11:48AM
151107818	11:48AM
150069948	11:50AM
150610109	11:50AM
151053653	11:50AM
151081820	11:50AM
150794634	11:52AM
150234276	11:53AM
150338549	11:53AM
150884376	11:55AM
151016720	11:55AM
151104535	11:55AM
150263300	11:58AM
150378846	11:58AM
151078918	11:58AM
150199238	11:59AM
151120183	11:59AM
150016369	12:00PM
150020821	12:00PM
150026073	12:00PM
150111016	12:00PM
150256565	12:00PM
150266978	12:00PM
150313789	12:00PM
150415432	12:00PM
150458799	12:00PM
150474789	12:00PM
150509637	12:00PM
150561568	12:00PM
150625233	12:00PM
150673765	12:00PM
150804001	12:00PM
150938791	12:00PM
150995575	12:00PM
150998911	12:00PM
151010744	12:00PM
151076304	12:00PM
151093916	12:00PM
151102802	12:00PM
160011531	12:00PM
150013070	12:01PM
150847001	12:02PM
150945235	12:03PM
150754020	12:05PM
151104610	12:05PM
150972153	12:06PM
150566502	12:07PM
150724051	12:08PM
150744021	12:09PM
150034515	12:10PM
150125421	12:10PM
150157402	12:10PM
150342750	12:10PM
150360069	12:10PM
150537600	12:10PM
150779595	12:10PM
151084846	12:10PM
150668409	12:12PM
150266752	12:14PM
150662677	12:15PM
150714814	12:15PM
150760419	12:15PM
150954684	12:15PM
151068232	12:15PM
151073714	12:18PM
151116568	12:18PM
150945310	12:19PM
150103994	12:20PM
150415915	12:20PM
150488398	12:20PM
150609635	12:20PM
150696002	12:20PM
150899494	12:20PM
150905609	12:20PM
150983150	12:20PM
150986091	12:20PM
151062024	12:20PM
151104676	12:20PM
151125296	12:22PM
150193105	12:24PM
150266780	12:25PM
150270311	12:25PM
150304023	12:25PM
151033304	12:25PM
150731915	12:26PM
151004220	12:26PM
150111072	12:27PM
150335567	12:28PM
150835222	12:28PM
150013462	12:30PM
150057880	12:30PM
150256515	12:30PM
150335272	12:30PM
150397090	12:30PM
150432652	12:30PM
150439987	12:30PM
150465045	12:30PM
150789782	12:30PM
150866534	12:30PM
150875206	12:30PM
151065169	12:30PM
159003347	12:30PM
150540352	12:33PM
150980582	12:34PM
150051393	12:35PM
150073400	12:35PM
150146734	12:35PM
150724302	12:35PM
150813717	12:37PM
150801239	12:39PM
150029293	12:40PM
150474911	12:40PM
150481273	12:40PM
150778575	12:40PM
150034656	12:41PM
150939329	12:41PM
150131854	12:42PM
150231313	12:42PM
150234549	12:43PM
150724120	12:44PM
150310042	12:45PM
150419371	12:45PM
150819492	12:45PM
150911189	12:47PM
150813159	12:48PM
150863201	12:48PM
150863499	12:48PM
150031884	12:50PM
150263491	12:50PM
150677977	12:50PM
150816329	12:50PM
150908625	12:50PM
150908631	12:50PM
150966833	12:50PM
150763554	12:52PM
150202922	12:54PM
150354266	12:54PM
150807077	12:54PM
150465170	12:55PM
150540443	12:55PM
150788370	12:55PM
150813137	12:55PM
151036176	12:55PM
151019649	12:57PM
151025511	12:58PM
151109864	12:58PM
150163114	12:59PM
150081453	1:00PM
150100843	1:00PM
150128970	1:00PM
150140510	1:00PM
150160320	1:00PM
150286471	1:00PM
150401340	1:00PM
150516466	1:00PM
150529447	1:00PM
150556440	1:00PM
151028935	1:00PM
151092247	1:00PM
150169980	1:01PM
150582194	1:03PM
150116903	1:05PM
150196466	1:05PM
150199818	1:05PM
150422813	1:05PM
150506702	1:05PM
150730741	1:05PM
150143495	1:06PM
151045014	1:06PM
150228047	1:08PM
150298125	1:08PM
150169899	1:10PM
150409576	1:10PM
150452757	1:10PM
150656551	1:10PM
150957876	1:10PM
151111803	1:10PM
150298410	1:12PM
150351096	1:14PM
150416054	1:14PM
150307334	1:15PM
150357389	1:15PM
150429223	1:15PM
150750250	1:15PM
150779824	1:15PM
150825706	1:18PM
150259945	1:19PM
150573024	1:19PM
150125807	1:20PM
150137614	1:20PM
150237941	1:20PM
150344853	1:20PM
150522651	1:20PM
150609873	1:20PM
150668584	1:20PM
150788790	1:20PM
150940508	1:20PM
150969815	1:20PM
151073980	1:20PM
151116938	1:20PM
150680754	1:21PM
150035278	1:22PM
150344825	1:22PM
150363245	1:22PM
150899648	1:23PM
150942463	1:23PM
150509972	1:24PM
150107742	1:25PM
150143611	1:25PM
150363110	1:25PM
150365887	1:25PM
150810230	1:25PM
150832234	1:25PM
150899579	1:25PM
150401083	1:27PM
150587699	1:27PM
150665320	1:27PM
150905756	1:27PM
150529005	1:28PM
150151454	1:30PM
150166475	1:30PM
150288988	1:30PM
150289077	1:30PM
150328857	1:30PM
150366534	1:30PM
150553424	1:30PM
150640786	1:30PM
150773644	1:30PM
150872036	1:30PM
151003169	1:30PM
151039835	1:30PM
150100774	1:31PM
150647243	1:31PM
150449209	1:33PM
150468685	1:34PM
150038103	1:35PM
150292337	1:35PM
150295751	1:35PM
150419644	1:35PM
151007923	1:35PM
151096879	1:35PM
150825671	1:36PM
150041554	1:37PM
150401895	1:38PM
130910474	1:40PM
150026318	1:40PM
150122411	1:40PM
150146972	1:40PM
150156959	1:40PM
150211876	1:40PM
150215163	1:40PM
150365940	1:40PM
150573074	1:40PM
150709332	1:40PM
150737402	1:40PM
151091540	1:40PM
151126147	1:40PM
150304330	1:41PM
150932925	1:41PM
150300952	1:42PM
150419616	1:43PM
150001699	1:45PM
150247536	1:45PM
150513531	1:45PM
150550179	1:45PM
150709279	1:45PM
150741027	1:45PM
151068759	1:45PM
151025630	1:46PM
150693810	1:47PM
150169946	1:48PM
150376016	1:48PM
150653262	1:50PM
150680908	1:50PM
150936256	1:50PM
150983627	1:50PM
151048121	1:50PM
150169924	1:51PM
150446158	1:51PM
150534991	1:51PM
150709360	1:52PM
151105050	1:52PM
150513503	1:53PM
150838834	1:53PM
150196422	1:54PM
150465330	1:54PM
150506893	1:54PM
150060407	1:55PM
150044871	1:56PM
151085082	1:57PM
150416242	1:58PM
150841865	1:58PM
150600718	1:59PM
150016585	2:00PM
150026465	2:00PM
150250880	2:00PM
150301386	2:00PM
150335937	2:00PM
150339149	2:00PM
150478850	2:00PM
150522855	2:00PM
150525837	2:00PM
150550210	2:00PM
150594575	2:00PM
150597591	2:00PM
150647419	2:00PM
150650406	2:00PM
150737521	2:00PM
150873040	2:00PM
150875814	2:00PM
150904112	2:00PM
150917444	2:00PM
151062416	2:00PM
159002509	2:00PM
150122455	2:02PM
150513575	2:02PM
150117252	2:05PM
150335589	2:05PM
150462819	2:05PM
151010932	2:05PM
151017110	2:05PM
150547013	2:07PM
150244435	2:09PM
150489023	2:09PM
151042173	2:09PM
150032036	2:10PM
150347904	2:10PM
150426241	2:10PM
150462336	2:10PM
150475135	2:10PM
150856206	2:10PM
151019887	2:10PM
151033809	2:10PM
150668807	2:11PM
150193387	2:12PM
150497678	2:12PM
150597701	2:12PM
150857191	2:12PM
150945815	2:13PM
150465396	2:15PM
150478797	2:15PM
150515985	2:15PM
150875529	2:15PM
151099118	2:18PM
150872252	2:19PM
150176913	2:20PM
150832331	2:20PM
150844825	2:20PM
150946045	2:20PM
150263861	2:21PM
150510286	2:22PM
150208845	2:24PM
150196557	2:25PM
150289293	2:25PM
150357395	2:25PM
150500594	2:25PM
151036405	2:25PM
150177115	2:26PM
150643940	2:27PM
150540722	2:28PM
151071326	2:28PM
150017066	2:30PM
150200368	2:30PM
150218684	2:30PM
150235365	2:30PM
150270612	2:30PM
150326152	2:30PM
150358315	2:30PM
150369522	2:30PM
150450115	2:30PM
150498723	2:30PM
150591468	2:30PM
150607128	2:30PM
150703099	2:30PM
150813563	2:30PM
150823211	2:30PM
150850593	2:30PM
150854272	2:30PM
150945263	2:30PM
151034283	2:30PM
151045036	2:30PM
151071423	2:30PM
151081745	2:30PM
150221825	2:31PM
150825825	2:31PM
150684217	2:35PM
150699551	2:35PM
150740847	2:35PM
150079141	2:36PM
150274078	2:36PM
150279733	2:37PM
151082373	2:37PM
150048215	2:38PM
150788734	2:38PM
150823023	2:38PM
151105129	2:39PM
150119907	2:40PM
150401237	2:40PM
150456094	2:40PM
150507017	2:40PM
150570569	2:40PM
150671402	2:40PM
150835755	2:40PM
150706338	2:44PM
150057608	2:45PM
150079458	2:45PM
150212200	2:45PM
150345328	2:45PM
150373266	2:45PM
150523029	2:45PM
150810622	2:45PM
150974911	2:45PM
150150666	2:46PM
150360605	2:47PM
150310359	2:49PM
150860661	2:49PM
150035206	2:50PM
150690377	2:50PM
150696529	2:50PM
150887643	2:50PM
150926990	2:50PM
151033746	2:50PM
150829156	2:51PM
150117280	2:53PM
151017217	2:53PM
150263899	2:55PM
150954822	2:55PM
150108110	2:59PM
150048657	3:00PM
150120089	3:00PM
150157333	3:00PM
150177046	3:00PM
150190173	3:00PM
150220855	3:00PM
150244770	3:00PM
150285683	3:00PM
150316755	3:00PM
150319787	3:00PM
150325449	3:00PM
150335755	3:00PM
150348413	3:00PM
150352505	3:00PM
150371953	3:00PM
150443712	3:00PM
150462477	3:00PM
150543754	3:00PM
150550420	3:00PM
150596979	3:00PM
150602297	3:00PM
150628152	3:00PM
150668142	3:00PM
150696648	3:00PM
150715602	3:00PM
150822627	3:00PM
150967392	3:00PM
150990070	3:00PM
151071439	3:00PM
150538090	3:04PM
151033752	3:04PM
150379305	3:05PM
150465669	3:05PM
150507186	3:05PM
150751214	3:05PM
150992634	3:05PM
151025925	3:05PM
150279852	3:06PM
150497753	3:08PM
151120309	3:09PM
150319646	3:10PM
150351438	3:10PM
150478399	3:10PM
150650525	3:10PM
150773688	3:10PM
150260469	3:12PM
159004618	3:14PM
150086265	3:15PM
150342001	3:15PM
150704360	3:15PM
150727914	3:15PM
150874593	3:15PM
150665916	3:16PM
151120321	3:16PM
150570321	3:18PM
150814163	3:19PM
150144512	3:20PM
150170272	3:20PM
150219187	3:20PM
150234931	3:20PM
150440019	3:20PM
150622762	3:20PM
150663164	3:23PM
150366255	3:24PM
150387831	3:25PM
150435474	3:25PM
150478515	3:25PM
150684433	3:25PM
150820041	3:25PM
150936488	3:25PM
150098185	3:28PM
150023994	3:30PM
150221091	3:30PM
150296323	3:30PM
150361318	3:30PM
150570406	3:30PM
150582423	3:30PM
150619258	3:30PM
150657480	3:30PM
150684455	3:30PM
150917739	3:30PM
150921100	3:30PM
150951793	3:30PM
150980924	3:30PM
151088650	3:30PM
151097184	3:30PM
151105442	3:30PM
159002292	3:30PM
150369550	3:32PM
150741168	3:32PM
150241629	3:35PM
150770515	3:35PM
150777072	3:35PM
150881877	3:35PM
150070484	3:38PM
150326130	3:38PM
150163619	3:40PM
150170498	3:40PM
150413696	3:40PM
150579696	3:40PM
150591430	3:40PM
150829300	3:40PM
150914616	3:40PM
150924154	3:40PM
150884984	3:41PM
150737725	3:42PM
150924198	3:43PM
150032246	3:45PM
150076545	3:45PM
150098210	3:45PM
150251173	3:45PM
150325273	3:45PM
150510612	3:45PM
150567237	3:45PM
150634579	3:45PM
151120503	3:45PM
150013898	3:46PM
150140930	3:47PM
150180732	3:48PM
150875585	3:49PM
150070490	3:50PM
150298727	3:50PM
150363427	3:50PM
150394397	3:50PM
150631337	3:50PM
150638010	3:50PM
150672137	3:50PM
150734721	3:50PM
150989998	3:50PM
150656915	3:51PM
150878523	3:51PM
151004913	3:55PM
150847750	3:56PM
150013757	3:58PM
150018616	4:00PM
150023615	4:00PM
150171236	4:00PM
150228445	4:00PM
150248261	4:00PM
150260679	4:00PM
150260839	4:00PM
150262998	4:00PM
150264160	4:00PM
150277022	4:00PM
150298705	4:00PM
150298874	4:00PM
150300344	4:00PM
150328697	4:00PM
150339503	4:00PM
150345403	4:00PM
150516632	4:00PM
150536389	4:00PM
150544229	4:00PM
150576818	4:00PM
150699818	4:00PM
150718935	4:00PM
150754268	4:00PM
150804835	4:00PM
150811181	4:00PM
150815791	4:00PM
150818999	4:00PM
150842170	4:00PM
150842302	4:00PM
150851002	4:00PM
150872581	4:00PM
150951737	4:00PM
151084551	4:00PM
151108214	4:00PM
150869710	4:01PM
150416753	4:02PM
150703522	4:04PM
150943455	4:04PM
150945934	4:04PM
150401629	4:05PM
150462706	4:05PM
151068903	4:05PM
150394400	4:06PM
150029663	4:07PM
150416731	4:09PM
150225413	4:10PM
150363518	4:10PM
150475408	4:10PM
150491802	4:10PM
150510515	4:10PM
150554171	4:10PM
150712749	4:10PM
150924609	4:10PM
150939802	4:10PM
150973399	4:10PM
151076984	4:10PM
151097366	4:10PM
150295961	4:11PM
150469207	4:11PM
150829485	4:11PM
150938280	4:11PM
150244849	4:12PM
150443819	4:13PM
150986778	4:13PM
150010452	4:15PM
150035472	4:15PM
150048475	4:15PM
150323631	4:15PM
150342249	4:15PM
150553894	4:15PM
150556945	4:15PM
150669231	4:15PM
150921213	4:15PM
150925221	4:15PM
150519608	4:16PM
150519545	4:18PM
150098367	4:20PM
150228451	4:20PM
150245499	4:20PM
150482124	4:20PM
150514103	4:20PM
150798692	4:20PM
150839199	4:20PM
150965261	4:20PM
150990105	4:20PM
151105759	4:20PM
150553907	4:23PM
150669106	4:23PM
150219171	4:24PM
150052062	4:25PM
150166964	4:25PM
150342255	4:25PM
150466106	4:25PM
150939846	4:25PM
150413646	4:26PM
150547784	4:26PM
150225532	4:27PM
150485491	4:28PM
150547461	4:28PM
150890856	4:28PM
150242019	4:29PM
150607491	4:29PM
150111919	4:30PM
150114979	4:30PM
150141085	4:30PM
150212545	4:30PM
150286540	4:30PM
150385380	4:30PM
150404974	4:30PM
150463776	4:30PM
150482500	4:30PM
150485526	4:30PM
150513967	4:30PM
150614189	4:30PM
150829805	4:30PM
150854329	4:30PM
151028907	4:30PM
151114863	4:30PM
150052169	4:31PM
151071887	4:32PM
150446716	4:34PM
150002164	4:35PM
150203613	4:35PM
150257369	4:35PM
150674848	4:35PM
150699965	4:35PM
151111392	4:35PM
150751606	4:38PM
150767716	4:38PM
150693729	4:39PM
150709956	4:39PM
150052200	4:40PM
150200512	4:40PM
150653836	4:40PM
150682998	4:40PM
151020470	4:40PM
151042684	4:40PM
151062648	4:40PM
151123660	4:40PM
150357812	4:41PM
150671690	4:42PM
150712761	4:42PM
151105577	4:42PM
150573632	4:43PM
151020373	4:44PM
150007807	4:45PM
150026910	4:45PM
150038636	4:45PM
150042085	4:45PM
150197107	4:45PM
150260748	4:45PM
150280730	4:45PM
150544207	4:45PM
150651084	4:45PM
150671662	4:45PM
150773967	4:45PM
151014774	4:45PM
151062983	4:45PM
150020558	4:48PM
150758072	4:48PM
150890828	4:48PM
151014677	4:48PM
150443289	4:49PM
150061198	4:50PM
150251286	4:50PM
150416822	4:50PM
150526330	4:50PM
150710022	4:50PM
150867225	4:50PM
150890931	4:50PM
150911838	4:50PM
151100066	4:50PM
151117691	4:50PM
150984142	4:51PM
150860809	4:53PM
150292923	4:55PM
150532707	4:55PM
150761194	4:55PM
150798993	4:55PM
151120688	4:55PM
150557119	4:56PM
150248421	4:57PM
150930468	4:57PM
150706720	4:59PM
150035660	5:00PM
150144857	5:00PM
150170711	5:00PM
150245148	5:00PM
150290450	5:00PM
150329883	5:00PM
150342493	5:00PM
150378567	5:00PM
150527338	5:00PM
150544116	5:00PM
150600279	5:00PM
150712921	5:00PM
150718753	5:00PM
150773785	5:00PM
150820358	5:00PM
150823910	5:00PM
150861089	5:00PM
150867203	5:00PM
150909435	5:00PM
150932191	5:00PM
150942918	5:00PM
150980548	5:00PM
151023521	5:00PM
151056964	5:00PM
151112334	5:00PM
151123808	5:00PM
159006266	5:00PM
150735058	5:02PM
150547671	5:04PM
151121147	5:04PM
150026976	5:05PM
150095551	5:05PM
150098414	5:05PM
150197113	5:05PM
150385211	5:05PM
150551127	5:05PM
150591838	5:05PM
150675062	5:05PM
150940263	5:05PM
150492004	5:06PM
150245154	5:08PM
150485673	5:08PM
150657292	5:08PM
150013860	5:10PM
150042110	5:10PM
150098420	5:10PM
150563780	5:10PM
150690850	5:10PM
150789209	5:10PM
150795444	5:10PM
150878937	5:10PM
150226364	5:13PM
150927534	5:13PM
150693791	5:14PM
150943007	5:14PM
150271121	5:15PM
150296210	5:15PM
150317082	5:15PM
150339371	5:15PM
150564114	5:15PM
150671781	5:15PM
150768178	5:15PM
151102971	5:15PM
150495058	5:16PM
150488774	5:17PM
150582558	5:17PM
151097441	5:17PM
150027043	5:20PM
150042201	5:20PM
150286772	5:20PM
150363875	5:20PM
150780439	5:20PM
150958131	5:20PM
150706786	5:21PM
150847904	5:21PM
150094531	5:22PM
150529679	5:22PM
150086566	5:23PM
150595181	5:23PM
150126435	5:24PM
150257632	5:24PM
150872832	5:25PM
150984158	5:25PM
150473098	5:26PM
150964683	5:26PM
150141223	5:27PM
151126711	5:27PM
150761291	5:28PM
150017414	5:30PM
150039082	5:30PM
150068116	5:30PM
150346677	5:30PM
150485899	5:30PM
150517066	5:30PM
150573397	5:30PM
150628174	5:30PM
150741685	5:30PM
150748233	5:30PM
150766809	5:30PM
150831775	5:30PM
150904231	5:30PM
150989948	5:30PM
151074966	5:30PM
151084971	5:30PM
151127032	5:30PM
151004991	5:31PM
150035745	5:33PM
150363740	5:35PM
150644653	5:35PM
150885045	5:35PM
151023474	5:35PM
151126824	5:35PM
150245223	5:36PM
151005240	5:36PM
150413856	5:37PM
150851074	5:37PM
150007926	5:38PM
150339440	5:38PM
150086500	5:40PM
150280445	5:40PM
150669388	5:40PM
150687653	5:40PM
151102727	5:40PM
150209376	5:42PM
150055072	5:43PM
151002280	5:43PM
150504530	5:44PM
150104964	5:45PM
150311056	5:45PM
150370262	5:45PM
150713173	5:45PM
150854539	5:45PM
150870018	5:45PM
151092071	5:45PM
150650995	5:48PM
150410460	5:49PM
150457252	5:49PM
151008711	5:49PM
150098668	5:50PM
150117735	5:50PM
150197624	5:50PM
150228984	5:50PM
150391406	5:50PM
150402166	5:50PM
150475709	5:50PM
150517038	5:50PM
150715630	5:50PM
151017659	5:50PM
151085957	5:50PM
150167285	5:52PM
150219331	5:52PM
150544332	5:52PM
150884990	5:52PM
150937044	5:53PM
150216092	5:54PM
150413919	5:54PM
150861722	5:54PM
150990393	5:54PM
150123390	5:55PM
150161237	5:55PM
150348106	5:55PM
150498165	5:55PM
150544360	5:55PM
150811006	5:55PM
151008727	5:55PM
151066311	5:55PM
150174321	5:57PM
150906657	5:59PM
150008639	6:00PM
150029986	6:00PM
150046184	6:00PM
150102128	6:00PM
150135492	6:00PM
150145792	6:00PM
150157913	6:00PM
150245455	6:00PM
150274636	6:00PM
150369340	6:00PM
150458294	6:00PM
150483207	6:00PM
150519965	6:00PM
150570901	6:00PM
150592400	6:00PM
150654204	6:00PM
150688510	6:00PM
150754713	6:00PM
150758282	6:00PM
150805441	6:00PM
150950541	6:00PM
151008965	6:00PM
151036223	6:00PM
151043422	6:00PM
151069343	6:00PM
151093518	6:00PM
151105890	6:00PM
151117776	6:01PM
150635163	6:02PM
150710204	6:02PM
150485883	6:04PM
150163998	6:05PM
150814260	6:05PM
151074687	6:05PM
151123977	6:05PM
150055179	6:06PM
150684831	6:06PM
150398640	6:07PM
150770979	6:07PM
150064813	6:08PM
150042267	6:10PM
150074408	6:10PM
150079903	6:10PM
150511109	6:10PM
150975395	6:10PM
151120860	6:10PM
150216252	6:11PM
150332977	6:12PM
150551058	6:12PM
150005209	6:15PM
150030143	6:15PM
150039117	6:15PM
150336593	6:15PM
150635254	6:15PM
150978537	6:15PM
151095069	6:15PM
150117826	6:16PM
150557404	6:16PM
150619850	6:19PM
151112641	6:19PM
150005447	6:20PM
150008087	6:20PM
150068150	6:20PM
150280627	6:20PM
150551133	6:20PM
150802049	6:20PM
150842540	6:20PM
150882392	6:20PM
150906851	6:20PM
151020652	6:20PM
151085985	6:20PM
159003438	6:20PM
150547869	6:21PM
150388378	6:22PM
150995779	6:22PM
150206918	6:24PM
150879076	6:24PM
150109033	6:25PM
150333044	6:25PM
150447162	6:25PM
150628588	6:25PM
150672046	6:25PM
151026688	6:25PM
150358105	6:26PM
150867736	6:26PM
150379800	6:27PM
150433804	6:28PM
150900580	6:29PM
150068489	6:30PM
150105661	6:30PM
150171424	6:30PM
150345970	6:30PM
150355236	6:30PM
150403807	6:30PM
150405386	6:30PM
150536088	6:30PM
150691115	6:30PM
150691325	6:30PM
150703964	6:30PM
150873636	6:30PM
150916775	6:30PM
150943386	6:30PM
151031637	6:30PM
151036875	6:30PM
151083202	6:30PM
151124066	6:30PM
159004414	6:30PM
160009558	6:30PM
150027300	6:32PM
150052476	6:34PM
150024209	6:35PM
150323324	6:35PM
150764706	6:35PM
150940279	6:35PM
150949362	6:35PM
150206899	6:40PM
150423883	6:40PM
150430430	6:40PM
150921649	6:40PM
151057097	6:40PM
151108565	6:40PM
150248578	6:41PM
150209558	6:43PM
150245427	6:45PM
150512997	6:45PM
150541441	6:45PM
150551105	6:45PM
150941681	6:45PM
151009048	6:45PM
151054639	6:45PM
151115015	6:45PM
150541435	6:46PM
150568081	6:46PM
150440398	6:47PM
150532917	6:47PM
150802174	6:49PM
150092858	6:50PM
150105188	6:50PM
150495490	6:50PM
150564277	6:50PM
150679246	6:50PM
150820552	6:50PM
150891199	6:50PM
150891224	6:50PM
150943370	6:50PM
150961554	6:50PM
150203895	6:51PM
150216296	6:52PM
150735393	6:52PM
150958448	6:53PM
150358183	6:54PM
150167564	6:55PM
150430872	6:55PM
150898060	6:55PM
150965001	6:55PM
150990597	6:55PM
150955353	6:57PM
150027322	6:58PM
150034424	7:00PM
150061734	7:00PM
150076460	7:00PM
150086704	7:00PM
150136218	7:00PM
150141502	7:00PM
150144788	7:00PM
150154828	7:00PM
150175993	7:00PM
150190963	7:00PM
150194294	7:00PM
150247934	7:00PM
150251894	7:00PM
150265817	7:00PM
150274880	7:00PM
150300902	7:00PM
150311391	7:00PM
150336612	7:00PM
150498284	7:00PM
150517276	7:00PM
150557727	7:00PM
150574759	7:00PM
150586566	7:00PM
150622320	7:00PM
150623334	7:00PM
150654696	7:00PM
150719074	7:00PM
150734680	7:00PM
150808310	7:00PM
150933650	7:00PM
150944475	7:00PM
151039459	7:00PM
151043018	7:00PM
151110457	7:00PM
150232628	7:01PM
150955400	7:01PM
150148047	7:02PM
150181520	7:03PM
150903716	7:04PM
150924706	7:05PM
150126764	7:06PM
150271563	7:07PM
150219745	7:10PM
150364077	7:10PM
150607946	7:10PM
150654408	7:10PM
150995876	7:10PM
150526807	7:12PM
150333260	7:13PM
150472915	7:13PM
150126792	7:14PM
150229211	7:14PM
150008219	7:15PM
150105354	7:15PM
150109237	7:15PM
150342089	7:15PM
150361324	7:15PM
150410909	7:15PM
150453846	7:15PM
150472943	7:15PM
150697583	7:15PM
150715834	7:15PM
150716503	7:15PM
150842669	7:15PM
151117970	7:15PM
150232383	7:16PM
150017737	7:19PM
150027485	7:19PM
150031862	7:20PM
150049354	7:20PM
150115212	7:20PM
150226063	7:20PM
150453749	7:20PM
150623312	7:20PM
150638559	7:20PM
150783364	7:20PM
150975668	7:20PM
160042382	7:20PM
150808348	7:21PM
150495547	7:22PM
150171145	7:23PM
150987403	7:23PM
150995901	7:23PM
151072192	7:23PM
151119631	7:23PM
150105332	7:24PM
150918420	7:24PM
150061643	7:25PM
150158137	7:25PM
150181473	7:25PM
150538868	7:25PM
150672121	7:25PM
150842807	7:25PM
150904156	7:25PM
150927807	7:25PM
150020984	7:27PM
150027463	7:28PM
150460073	7:28PM
150511331	7:28PM
150792810	7:28PM
151106058	7:28PM
150430537	7:29PM
150042596	7:30PM
150049279	7:30PM
150093141	7:30PM
150114985	7:30PM
150197680	7:30PM
150201407	7:30PM
150333276	7:30PM
150348861	7:30PM
150367071	7:30PM
150367833	7:30PM
150405580	7:30PM
150534151	7:30PM
150537848	7:30PM
150669582	7:30PM
150745427	7:30PM
150771369	7:30PM
150772947	7:30PM
150842722	7:30PM
150843015	7:30PM
150854761	7:30PM
150918414	7:30PM
151060125	7:30PM
151077675	7:30PM
151077716	7:30PM
150158121	7:32PM
150417632	7:33PM
150456947	7:34PM
150014385	7:35PM
150171377	7:35PM
150463293	7:35PM
150551296	7:35PM
150635282	7:35PM
151023935	7:35PM
150811357	7:37PM
151033053	7:37PM
150248744	7:39PM
150952183	7:39PM
150055373	7:40PM
150114509	7:40PM
150120700	7:40PM
150299270	7:40PM
150420873	7:40PM
150498397	7:40PM
150592331	7:40PM
150802287	7:40PM
150984465	7:40PM
150993284	7:40PM
151106105	7:40PM
151115071	7:40PM
150239191	7:41PM
150592438	7:42PM
150520291	7:43PM
150379991	7:44PM
150654442	7:44PM
150927904	7:44PM
150061712	7:45PM
150120722	7:45PM
150232521	7:45PM
150248829	7:45PM
150251690	7:45PM
150326873	7:45PM
150364174	7:45PM
150388550	7:45PM
150523988	7:45PM
150745433	7:45PM
150755551	7:45PM
150885396	7:45PM
150987425	7:45PM
151006549	7:45PM
151103145	7:45PM
151108690	7:45PM
150495622	7:50PM
150707449	7:50PM
150459656	7:51PM
150560946	7:51PM
151020969	7:51PM
151074988	7:51PM
150021067	7:53PM
151100486	7:53PM
150990785	7:54PM
150032967	7:55PM
150836537	7:55PM
150858111	7:55PM
150921752	7:55PM
150808326	7:56PM
150903926	7:56PM
150191068	7:57PM
150873222	7:57PM
150530717	7:58PM
151040230	7:58PM
150017884	8:00PM
150027532	8:00PM
150062334	8:00PM
150077769	8:00PM
150080455	8:00PM
150112503	8:00PM
150115422	8:00PM
150115927	8:00PM
150137670	8:00PM
150148310	8:00PM
150158325	8:00PM
150164435	8:00PM
150171242	8:00PM
150217755	8:00PM
150229186	8:00PM
150256468	8:00PM
150262675	8:00PM
150321419	8:00PM
150328095	8:00PM
150346138	8:00PM
150356052	8:00PM
150413373	8:00PM
150420265	8:00PM
150477062	8:00PM
150555210	8:00PM
150609726	8:00PM
150623403	8:00PM
150638612	8:00PM
150670783	8:00PM
150715931	8:00PM
150803699	8:00PM
150858547	8:00PM
150894529	8:00PM
150954173	8:00PM
150965211	8:00PM
150993325	8:00PM
150377133	8:01PM
150710470	8:01PM
150842891	8:03PM
151100577	8:04PM
150018092	8:05PM
150308285	8:05PM
150735490	8:06PM
150745502	8:08PM
150981803	8:08PM
150789908	8:09PM
151026860	8:09PM
150096082	8:10PM
150118103	8:10PM
150191159	8:10PM
150235945	8:10PM
150373909	8:10PM
150495779	8:10PM
150879355	8:10PM
150996131	8:10PM
151066593	8:10PM
151118150	8:10PM
150033006	8:11PM
150921859	8:11PM
150008372	8:12PM
150395248	8:12PM
150527015	8:12PM
151063185	8:13PM
150339757	8:14PM
150808360	8:14PM
150891456	8:14PM
150033125	8:15PM
150052733	8:15PM
150141665	8:15PM
150148257	8:15PM
150204150	8:15PM
150261451	8:15PM
150839917	8:15PM
150852191	8:15PM
150870466	8:15PM
150921815	8:15PM
150993353	8:15PM
150697549	8:16PM
150598765	8:17PM
150912240	8:17PM
151029228	8:17PM
150164441	8:20PM
150377111	8:20PM
150430725	8:20PM
150492521	8:20PM
150814696	8:20PM
150975771	8:20PM
151080424	8:20PM
150118090	8:21PM
150457127	8:23PM
150120772	8:24PM
150229352	8:24PM
150632222	8:24PM
150171311	8:25PM
150184875	8:25PM
150191228	8:25PM
150201190	8:25PM
150232606	8:25PM
150700590	8:25PM
150786506	8:25PM
150501730	8:27PM
150024481	8:28PM
150109481	8:28PM
150317559	8:29PM
150738585	8:29PM
150008344	8:30PM
150011074	8:30PM
150045697	8:30PM
150058515	8:30PM
150098969	8:30PM
150152189	8:30PM
150157123	8:30PM
150158278	8:30PM
150195101	8:30PM
150225106	8:30PM
150235832	8:30PM
150242495	8:30PM
150261564	8:30PM
150279216	8:30PM
150349160	8:30PM
150388613	8:30PM
150424176	8:30PM
150452779	8:30PM
150487641	8:30PM
150492509	8:30PM
150611185	8:30PM
150614286	8:30PM
150626297	8:30PM
150651987	8:30PM
150698230	8:30PM
150746481	8:30PM
150795563	8:30PM
150808473	8:30PM
150851632	8:30PM
150866772	8:30PM
150937533	8:30PM
150955808	8:30PM
151063260	8:30PM
159001595	8:30PM
150098997	8:35PM
150735638	8:35PM
150975828	8:35PM
151021064	8:35PM
150349035	8:37PM
150921865	8:39PM
150171333	8:40PM
150457161	8:40PM
150548431	8:40PM
150802447	8:40PM
150817769	8:40PM
150854937	8:40PM
151005864	8:40PM
150580552	8:42PM
150934103	8:44PM
150154925	8:45PM
150184994	8:45PM
150239298	8:45PM
150272260	8:45PM
150342891	8:45PM
150402843	8:45PM
150427443	8:45PM
150732474	8:45PM
150967950	8:47PM
151002804	8:47PM
150030369	8:48PM
150719375	8:48PM
150781001	8:48PM
151034647	8:48PM
150086914	8:49PM
150145316	8:50PM
150167962	8:50PM
150229584	8:50PM
150251781	8:50PM
150265180	8:50PM
150281089	8:50PM
150367225	8:50PM
150420516	8:50PM
150463469	8:50PM
150463550	8:50PM
150482895	8:50PM
150564590	8:50PM
150732399	8:50PM
150897711	8:50PM
150984631	8:50PM
150158319	8:51PM
150561035	8:51PM
150685293	8:51PM
150261520	8:53PM
150030397	8:54PM
150077292	8:55PM
150167934	8:55PM
150258232	8:55PM
150463500	8:55PM
150574555	8:55PM
150669805	8:55PM
150768372	8:55PM
150793034	8:55PM
150996294	8:55PM
151034681	8:55PM
150990854	8:56PM
150373921	8:57PM
150626300	8:57PM
150928087	8:57PM
150201219	8:58PM
150223304	8:58PM
150261536	8:58PM
150564681	8:58PM
150949641	8:58PM
150148332	8:59PM
150168158	8:59PM
150052830	9:00PM
150087326	9:00PM
150148586	9:00PM
150158228	9:00PM
150158494	9:00PM
150161635	9:00PM
150197903	9:00PM
150232559	9:00PM
150232935	9:00PM
150245831	9:00PM
150280467	9:00PM
150281073	9:00PM
150314602	9:00PM
150341451	9:00PM
150349085	9:00PM
150352470	9:00PM
150436400	9:00PM
150444237	9:00PM
150473236	9:00PM
150505049	9:00PM
150536163	9:00PM
150561041	9:00PM
150671189	9:00PM
150734856	9:00PM
150735644	9:00PM
150865025	9:00PM
150890276	9:00PM
150946926	9:00PM
150952440	9:00PM
151043541	9:00PM
151046432	9:00PM
151060573	9:00PM
151106713	9:00PM
150336888	9:01PM
150489283	9:02PM
150232850	9:04PM
150620437	9:04PM
150167940	9:05PM
150232838	9:05PM
150254917	9:05PM
150314680	9:05PM
150742285	9:05PM
150851701	9:05PM
150861512	9:05PM
151106274	9:05PM
150194755	9:06PM
150323744	9:06PM
150434197	9:06PM
151009509	9:06PM
150457246	9:07PM
150864970	9:07PM
150909742	9:07PM
150052824	9:10PM
150052846	9:10PM
150305582	9:10PM
150430907	9:10PM
150648467	9:10PM
150938020	9:10PM
150377268	9:11PM
150888839	9:12PM
150223229	9:13PM
150645281	9:13PM
150918602	9:13PM
150123942	9:14PM
150188087	9:14PM
150358622	9:14PM
150434200	9:14PM
150536185	9:14PM
151009167	9:14PM
150027689	9:15PM
150105752	9:15PM
150216729	9:15PM
150223213	9:15PM
150232747	9:15PM
150361584	9:15PM
150402699	9:15PM
150411208	9:15PM
150473264	9:15PM
150479557	9:15PM
150756292	9:15PM
150987754	9:15PM
151046454	9:15PM
151052213	9:15PM
150495763	9:16PM
150417977	9:17PM
150093298	9:18PM
150947457	9:18PM
151110576	9:18PM
150018036	9:19PM
150672331	9:19PM
150024594	9:20PM
150109691	9:20PM
150358644	9:20PM
150548209	9:20PM
150561057	9:20PM
150602128	9:20PM
150669861	9:20PM
150777931	9:20PM
150799725	9:20PM
150732430	9:21PM
150790109	9:21PM
150672397	9:22PM
150870488	9:22PM
151054924	9:22PM
150245875	9:23PM
150437577	9:23PM
150454139	9:23PM
150626407	9:24PM
150984697	9:24PM
150052852	9:25PM
150281023	9:25PM
150382938	9:25PM
150495917	9:25PM
150539026	9:25PM
150786631	9:25PM
150796204	9:25PM
151015415	9:25PM
151049248	9:25PM
151103311	9:25PM
150833743	9:28PM
150777947	9:29PM
150029362	9:30PM
150039606	9:30PM
150099133	9:30PM
150106108	9:30PM
150128469	9:30PM
150204398	9:30PM
150290557	9:30PM
150299377	9:30PM
150302356	9:30PM
150314787	9:30PM
150324156	9:30PM
150356648	9:30PM
150367394	9:30PM
150431002	9:30PM
150480231	9:30PM
150517583	9:30PM
150537951	9:30PM
150541758	9:30PM
150589275	9:30PM
150635549	9:30PM
150641972	9:30PM
150655688	9:30PM
150722613	9:30PM
150755852	9:30PM
150755915	9:30PM
150758834	9:30PM
150827683	9:30PM
150872224	9:30PM
150928372	9:30PM
150959690	9:30PM
150966918	9:30PM
150987685	9:30PM
151006135	9:30PM
151063414	9:30PM
151069268	9:30PM
151083616	9:30PM
150232731	9:31PM
150314668	9:31PM
150444083	9:31PM
150102269	9:32PM
150915608	9:33PM
151106365	9:33PM
150742326	9:34PM
150873426	9:34PM
150018058	9:35PM
150071818	9:35PM
150181934	9:35PM
150248976	9:35PM
150778105	9:35PM
150915614	9:35PM
150949776	9:35PM
151069713	9:35PM
150399347	9:36PM
150664156	9:36PM
150492703	9:37PM
150984700	9:37PM
150002813	9:38PM
150209956	9:39PM
150109550	9:40PM
150226483	9:40PM
150236181	9:40PM
150265550	9:40PM
150314919	9:40PM
150383027	9:40PM
150437630	9:40PM
150444061	9:40PM
150460716	9:40PM
150626491	9:40PM
150793169	9:40PM
150845801	9:40PM
150937646	9:40PM
151089733	9:40PM
151012267	9:41PM
150207154	9:43PM
150430985	9:43PM
150949839	9:43PM
150046491	9:44PM
150178555	9:44PM
150302419	9:44PM
150052880	9:45PM
150058690	9:45PM
150130408	9:45PM
150223235	9:45PM
150261677	9:45PM
150302431	9:45PM
150311711	9:45PM
150374048	9:45PM
150377321	9:45PM
150463679	9:45PM
150574674	9:45PM
150675971	9:45PM
150755880	9:45PM
150820875	9:45PM
150855195	9:45PM
151106309	9:45PM
151113241	9:45PM
150152026	9:46PM
150620493	9:47PM
150685419	9:47PM
150068655	9:48PM
150201344	9:48PM
150018127	9:50PM
150099177	9:50PM
150118250	9:50PM
150164667	9:50PM
150530585	9:50PM
150557959	9:50PM
150851814	9:50PM
150882916	9:50PM
150934266	9:50PM
151006179	9:50PM
151029375	9:50PM
151089799	9:50PM
151104698	9:50PM
151118332	9:50PM
150395793	9:51PM
150311658	9:52PM
150340011	9:52PM
150536282	9:52PM
150093436	9:53PM
150036561	9:55PM
150454258	9:55PM
150935383	9:55PM
150937715	9:55PM
150952569	9:55PM
151060410	9:55PM
151080571	9:55PM
150466968	9:56PM
150761956	9:56PM
150308558	9:57PM
150688479	9:57PM
150970834	9:57PM
151115413	9:57PM
140471416	9:58PM
150808592	9:58PM
150027877	10:00PM
150039355	10:00PM
150071921	10:00PM
150112810	10:00PM
150118294	10:00PM
150156686	10:00PM
150194965	10:00PM
150208168	10:00PM
150253022	10:00PM
150253414	10:00PM
150268930	10:00PM
150277765	10:00PM
150281142	10:00PM
150281443	10:00PM
150287491	10:00PM
150287598	10:00PM
150312537	10:00PM
150318745	10:00PM
150343021	10:00PM
150346376	10:00PM
150358882	10:00PM
150375400	10:00PM
150377296	10:00PM
150407990	10:00PM
150408631	10:00PM
150418492	10:00PM
150434498	10:00PM
150437721	10:00PM
150448320	10:00PM
150454305	10:00PM
150512204	10:00PM
150527134	10:00PM
150550737	10:00PM
150574721	10:00PM
150593373	10:00PM
150678925	10:00PM
150682415	10:00PM
150685481	10:00PM
150831731	10:00PM
150853713	10:00PM
150875911	10:00PM
150894767	10:00PM
150899626	10:00PM
150901083	10:00PM
150901196	10:00PM
150912676	10:00PM
150924411	10:00PM
150943825	10:00PM
150952597	10:00PM
150957133	10:00PM
150971092	10:00PM
151037293	10:00PM
151043466	10:00PM
151076326	10:00PM
150614430	10:01PM
150678975	10:02PM
150808661	10:04PM
150124031	10:05PM
150340049	10:05PM
150370701	10:05PM
150541792	10:05PM
150861619	10:05PM
150555185	10:06PM
150949845	10:06PM
151127145	10:09PM
150096327	10:10PM
150152098	10:10PM
150200926	10:10PM
150236244	10:10PM
150431284	10:10PM
150463748	10:10PM
150595921	10:10PM
150623641	10:10PM
150670119	10:10PM
150722362	10:10PM
150824112	10:10PM
150848639	10:10PM
150955949	10:10PM
150984794	10:10PM
151015578	10:10PM
150793216	10:11PM
150904269	10:13PM
150536276	10:14PM
150021421	10:15PM
150044837	10:15PM
150444215	10:15PM
150451129	10:15PM
150454515	10:15PM
150486728	10:15PM
150542035	10:15PM
150564948	10:15PM
150708390	10:15PM
150771773	10:15PM
150826970	10:15PM
150861697	10:15PM
150867899	10:15PM
151055029	10:15PM
160012943	10:15PM
151032130	10:16PM
150102366	10:17PM
150554977	10:18PM
150626582	10:18PM
150713537	10:18PM
150592701	10:19PM
120883392	10:20PM
150077496	10:20PM
150133333	10:20PM
150158579	10:20PM
150226518	10:20PM
150290529	10:20PM
150302481	10:20PM
150377434	10:20PM
150479660	10:20PM
150511682	10:20PM
150541899	10:20PM
150583158	10:20PM
150713571	10:20PM
150845895	10:20PM
150848673	10:20PM
150907376	10:20PM
150925118	10:20PM
151009418	10:20PM
111008842	10:21PM
150577769	10:21PM
151098035	10:21PM
150220021	10:22PM
150993745	10:24PM
150099202	10:25PM
150099274	10:25PM
150213979	10:25PM
150308655	10:25PM
150561358	10:25PM
150676082	10:25PM
151027216	10:25PM
150314890	10:26PM
150840168	10:27PM
150836991	10:28PM
150470323	10:29PM
150648605	10:29PM
151027222	10:29PM
150033294	10:30PM
150044332	10:30PM
150077509	10:30PM
150168170	10:30PM
150171703	10:30PM
150182039	10:30PM
150213775	10:30PM
150235456	10:30PM
150267233	10:30PM
150269245	10:30PM
150287758	10:30PM
150290808	10:30PM
150395630	10:30PM
150411474	10:30PM
150421194	10:30PM
150464605	10:30PM
150545261	10:30PM
150583108	10:30PM
150602275	10:30PM
150634325	10:30PM
150648649	10:30PM
150670727	10:30PM
150697919	10:30PM
150717222	10:30PM
150805548	10:30PM
150818030	10:30PM
150855242	10:30PM
150937828	10:30PM
150937834	10:30PM
151009446	10:30PM
151013986	10:30PM
151024165	10:30PM
151037635	10:30PM
151046783	10:30PM
151060539	10:30PM
150811749	10:31PM
150962182	10:31PM
150861982	10:32PM
150571761	10:33PM
150204467	10:35PM
150216848	10:35PM
150388914	10:35PM
150402865	10:35PM
150493892	10:35PM
150548384	10:35PM
150608392	10:35PM
150704508	10:35PM
150783734	10:35PM
150821083	10:35PM
150843190	10:35PM
150879747	10:35PM
151055013	10:35PM
150130583	10:37PM
150414688	10:37PM
150486665	10:37PM
150651670	10:37PM
150918969	10:37PM
150833903	10:38PM
150876486	10:38PM
150226524	10:39PM
150027952	10:40PM
150030579	10:40PM
150185180	10:40PM
150421229	10:40PM
150521653	10:40PM
150536367	10:40PM
150542085	10:40PM
150542251	10:40PM
150873573	10:40PM
150973690	10:40PM
151040478	10:40PM
151069848	10:40PM
150434357	10:42PM
150030585	10:45PM
150058775	10:45PM
150230149	10:45PM
150346564	10:45PM
150350559	10:45PM
150380716	10:45PM
150489584	10:45PM
150534935	10:45PM
150558076	10:45PM
150574975	10:45PM
150623704	10:45PM
150752858	10:45PM
150865172	10:45PM
150896092	10:45PM
150939705	10:45PM
150976042	10:45PM
151118451	10:45PM
151118649	10:45PM
150204633	10:46PM
150685572	10:46PM
150855286	10:46PM
150072468	10:48PM
150762136	10:48PM
150861766	10:48PM
150008764	10:50PM
150030632	10:50PM
150096446	10:50PM
150204417	10:50PM
150308809	10:50PM
150323114	10:50PM
150505475	10:50PM
150536458	10:50PM
150561411	10:50PM
150901221	10:50PM
150968237	10:50PM
151027238	10:50PM
151098110	10:50PM
150148655	10:51PM
150164786	10:51PM
150654878	10:51PM
150427722	10:52PM
150437862	10:52PM
150467029	10:52PM
150561405	10:52PM
151113291	10:52PM
150343178	10:54PM
150868013	10:54PM
150074925	10:55PM
150093583	10:55PM
150191660	10:55PM
150511751	10:55PM
150536436	10:55PM
150799844	10:55PM
150833947	10:55PM
150925215	10:55PM
150950024	10:55PM
151002951	10:55PM
150716218	10:56PM
150505306	10:57PM
150077612	10:59PM
150021471	11:00PM
150055793	11:00PM
150083932	11:00PM
150083954	11:00PM
150101512	11:00PM
150123152	11:00PM
150124138	11:00PM
150133468	11:00PM
150136967	11:00PM
150152151	11:00PM
150182023	11:00PM
150185196	11:00PM
150194993	11:00PM
150198321	11:00PM
150219165	11:00PM
150240455	11:00PM
150256048	11:00PM
150281249	11:00PM
150305770	11:00PM
150324087	11:00PM
150340293	11:00PM
150360025	11:00PM
150370046	11:00PM
150391826	11:00PM
150427750	11:00PM
150463936	11:00PM
150469291	11:00PM
150476650	11:00PM
150505403	11:00PM
150511842	11:00PM
150520699	11:00PM
150520809	11:00PM
150565219	11:00PM
150602350	11:00PM
150613567	11:00PM
150616680	11:00PM
150641320	11:00PM
150685613	11:00PM
150701134	11:00PM
150737480	11:00PM
150752541	11:00PM
150786932	11:00PM
150807748	11:00PM
150823283	11:00PM
150846401	11:00PM
150865326	11:00PM
150868035	11:00PM
150886736	11:00PM
150891779	11:00PM
150912115	11:00PM
150947203	11:00PM
150985106	11:00PM
151004816	11:00PM
151065238	11:00PM
151076627	11:00PM
151080894	11:00PM
150768645	11:03PM
150498789	11:04PM
150846003	11:04PM
150434448	11:05PM
150448869	11:05PM
150476553	11:05PM
150934385	11:05PM
150053082	11:07PM
150068809	11:07PM
150865241	11:07PM
150302663	11:08PM
150614612	11:08PM
150148815	11:09PM
150043152	11:10PM
150302748	11:10PM
150330498	11:10PM
150343225	11:10PM
150364469	11:10PM
150421332	11:10PM
150639046	11:10PM
150799979	11:10PM
150891804	11:10PM
151075403	11:12PM
150642196	11:13PM
150632608	11:14PM
150158836	11:15PM
150216973	11:15PM
150226637	11:15PM
150324225	11:15PM
150337369	11:15PM
150370870	11:15PM
150451408	11:15PM
150467079	11:15PM
150555066	11:15PM
150558264	11:15PM
150568780	11:15PM
150587962	11:15PM
150695264	11:15PM
150937919	11:15PM
150940990	11:15PM
150984904	11:15PM
150561461	11:16PM
150991197	11:16PM
150629354	11:17PM
150937925	11:17PM
150305811	11:18PM
150158739	11:19PM
150658206	11:19PM
150030660	11:20PM
150434460	11:20PM
150520746	11:20PM
150605605	11:20PM
150623873	11:20PM
150654953	11:20PM
150889138	11:20PM
150973703	11:20PM
151006345	11:20PM
151080731	11:20PM
151086961	11:20PM
151127292	11:20PM
150679202	11:24PM
150185237	11:25PM
150281380	11:25PM
150333878	11:25PM
150505340	11:25PM
150605586	11:25PM
150648752	11:25PM
150670131	11:25PM
150682528	11:27PM
150796436	11:28PM
150815161	11:28PM
150043663	11:30PM
150090498	11:30PM
150135878	11:30PM
150220128	11:30PM
150263639	11:30PM
150275634	11:30PM
150278393	11:30PM
150338016	11:30PM
150343316	11:30PM
150361891	11:30PM
150372945	11:30PM
150383328	11:30PM
150400499	11:30PM
150412648	11:30PM
150425099	11:30PM
150444403	11:30PM
150480043	11:30PM
150532503	11:30PM
150535858	11:30PM
150555113	11:30PM
150583374	11:30PM
150637761	11:30PM
150692038	11:30PM
150717216	11:30PM
150748164	11:30PM
150754036	11:30PM
150761213	11:30PM
150798608	11:30PM
150799957	11:30PM
150818165	11:30PM
150861948	11:30PM
150894977	11:30PM
150901340	11:30PM
150912701	11:30PM
150985015	11:30PM
151017295	11:30PM
151033376	11:30PM
151068458	11:30PM
151070390	11:30PM
151077891	11:30PM
151119807	11:30PM
160117656	11:30PM
150296975	11:31PM
150486762	11:32PM
150739072	11:32PM
150025003	11:33PM
150077634	11:34PM
150299593	11:34PM
150781578	11:34PM
150265572	11:35PM
150399682	11:35PM
150449776	11:35PM
150527372	11:35PM
150565071	11:35PM
150722566	11:35PM
150759183	11:35PM
150879850	11:35PM
150952804	11:35PM
151009593	11:35PM
151090031	11:35PM
150130674	11:40PM
150236391	11:40PM
150327439	11:40PM
150327467	11:40PM
150925312	11:40PM
151080775	11:40PM
151083020	11:40PM
150367695	11:42PM
150473565	11:42PM
150739066	11:42PM
150032199	11:45PM
150048293	11:45PM
150097262	11:45PM
150170937	11:45PM
150182227	11:45PM
150311846	11:45PM
150362093	11:45PM
150498892	11:45PM
150526158	11:45PM
150539032	11:45PM
150561609	11:45PM
150808887	11:45PM
150850098	11:45PM
150962295	11:45PM
151086933	11:45PM
150434573	11:47PM
150811852	11:47PM
150327423	11:49PM
150242859	11:50PM
150249582	11:50PM
150281396	11:50PM
150318137	11:50PM
150320825	11:50PM
150324231	11:50PM
150399626	11:50PM
150824281	11:50PM
150907611	11:52PM
150028079	11:53PM
150118539	11:53PM
150018406	11:54PM
150024986	11:54PM
150645720	11:54PM
150973769	11:54PM
150049912	11:55PM
150919042	11:55PM
151055104	11:55PM
150030717	11:56PM
150215157	11:56PM
150152333	11:57PM
150701093	11:57PM
150011444	11:58PM
151072722	11:58PM
150643423	11:59PM
